robots,tasks,run,completed,elapsed_s,throughput_tasks_per_s,queue_remaining,avg_zone_latency_ms,max_zone_latency_ms,cpu_percent,memory_mb
1,1000,1,1000,0.000767,1303481.86,0,0.0000,0.0020,-0.00,128.00
1,1000,2,1000,0.000616,1622481.10,0,0.0000,0.0010,-0.00,0.00
1,5000,1,5000,0.002125,2352919.03,0,0.0000,0.0250,0.00,0.00
1,5000,2,5000,0.011873,421117.35,0,0.0010,9.6130,-0.00,0.00
1,10000,1,10000,0.012713,786614.96,0,0.0000,8.5870,0.00,0.00
1,10000,2,10000,0.004294,2328872.15,0,0.0000,0.1010,-0.00,0.00
1,20000,1,20000,0.008172,2447244.45,0,0.0000,0.0360,0.00,0.00
1,20000,2,20000,0.018224,1097481.97,0,0.0000,9.5850,0.00,0.00
1,50000,1,50000,0.036509,1369515.42,0,0.0000,3.4570,0.00,0.00
1,50000,2,50000,0.030387,1645434.42,0,0.0000,0.6520,0.00,0.00
2,1000,1,1000,0.002898,345087.95,0,0.0000,0.0010,0.00,0.00
2,1000,2,1000,0.002213,451788.52,0,0.0000,0.1020,-0.00,0.00
2,5000,1,5000,0.002699,1852487.19,0,0.0000,0.0580,-0.00,0.00
2,5000,2,5000,0.004329,1155035.31,0,0.0000,0.0290,-0.00,0.00
2,10000,1,10000,0.009937,1006347.03,0,0.0000,0.5670,0.01,0.00
2,10000,2,10000,0.015471,646384.46,0,0.0000,0.3320,0.00,0.00
2,20000,1,20000,0.014447,1384384.83,0,0.0000,4.4100,0.00,0.00
2,20000,2,20000,0.014906,1341715.84,0,0.0000,1.9200,0.00,0.00
2,50000,1,50000,0.037120,1346968.64,0,0.0000,7.8200,0.00,128.00
2,50000,2,50000,0.029324,1705065.36,0,0.0000,4.1710,0.00,0.00
4,1000,1,1000,0.002352,425176.03,0,0.0000,0.0010,0.00,0.00
4,1000,2,1000,0.001094,913756.88,0,0.0000,0.0010,-0.00,0.00
4,5000,1,5000,0.005352,934238.40,0,0.0000,0.9430,0.00,0.00
4,5000,2,5000,0.003146,1589208.64,0,0.0000,0.1130,-0.00,0.00
4,10000,1,10000,0.017177,582160.52,0,0.0010,4.2860,0.01,0.00
4,10000,2,10000,0.011293,885468.07,0,0.0020,7.7960,0.00,0.00
4,20000,1,20000,0.017964,1113334.44,0,0.0000,1.1770,0.00,0.00
4,20000,2,20000,0.028439,703250.14,0,0.0020,15.4130,0.00,0.00
4,50000,1,50000,0.042169,1185691.98,0,0.0010,3.8370,0.01,0.00
4,50000,2,50000,0.043012,1162473.67,0,0.0010,7.3640,0.01,512.00
8,1000,1,1000,0.003824,261497.45,0,0.0000,0.0020,0.00,0.00
8,1000,2,1000,0.005140,194555.63,0,0.0000,0.0010,0.00,0.00
8,5000,1,5000,0.011167,447745.66,0,0.0040,8.3800,0.00,0.00
8,5000,2,5000,0.016191,308818.86,0,0.0080,11.3180,0.00,0.00
8,10000,1,10000,0.011183,894178.85,0,0.0020,3.4300,0.00,0.00
8,10000,2,10000,0.010853,921426.80,0,0.0000,0.5850,0.00,0.00
8,20000,1,20000,0.025163,794824.93,0,0.0030,7.6620,0.01,0.00
8,20000,2,20000,0.078408,255076.70,0,0.0010,28.2200,0.03,0.00
8,50000,1,50000,0.060148,831283.13,0,0.0010,10.4170,0.01,256.00
8,50000,2,50000,0.035399,1412462.97,0,0.0010,13.3140,0.01,0.00
