Robots,Tasks,Completed,Elapsed (s),Throughput (tasks/s)
1,1000,1000,0.000585,1708604.36
1,5000,5000,0.002168,2306130.53
1,10000,10000,0.004124,2424797.34
1,20000,20000,0.007919,2525669.01
1,50000,50000,0.020938,2388025.6
1,100000,100000,0.044015,2271948.82
2,1000,1000,0.00133,752125.7
2,5000,5000,0.0069,724611.32
2,10000,10000,0.013259,754196.67
2,20000,20000,0.024422,818926.74
2,50000,50000,0.068792,726829.8
2,100000,100000,0.139839,715109.89
4,1000,1000,0.002232,447995.76
4,5000,5000,0.010695,467524.57
4,10000,10000,0.025142,397736.23
4,20000,20000,0.051001,392146.6
4,50000,50000,0.105499,473939.97
4,100000,100000,0.137057,729624.64
8,1000,1000,0.001743,573674.75
8,5000,5000,0.008245,606440.79
8,10000,10000,0.017028,587270.58
8,20000,20000,0.034976,571816.74
8,50000,50000,0.082904,603106.33
8,100000,100000,0.165302,604953.87
16,1000,1000,0.002123,471047.76
16,5000,5000,0.009502,526229.32
16,10000,10000,0.018067,553484.69
16,20000,20000,0.034185,585053.75
16,50000,50000,0.094189,530846.75
16,100000,100000,0.186687,535656.9
